ФИО,email,Название организации
Тестов Тест Тестович,test1111,Организация 1111
Тестов Тест Тестович,test1222,Организация 1232
Тестов Тест Тестович,test1333,Организация 1323
Тестов Тест Тестович,test1444,Организация 1434
Тестов Тест Тестович,test1555,Организация 1
Тестов Тест Тестович,test1,Организация 1
Тестов Тестер Тестович,test2,Организация 2
Тестов Тестероид Тестович,test3,Организация 3
Тестов Тестеропул Тестович,test4,Организация 4
Тестов Тест Тестович,test5,Организация 5
Тестов Тестер Тестович,test6,Организация 6
Тестов Тестероид Тестович,test7,Организация 7
Тестов Тестеропул Тестович,test8,Организация 8
Тестов Тест Тестович,test9,Организация 9
Тестов Тестер Тестович,test10,Организация 10
Тестов Тестероид Тестович,test11,Организация 1
Тестов Тестеропул Тестович,test12,Организация 2
Тестов Тест Тестович,test13,Организация 3
Тестов Тестер Тестович,test14,Организация 4
Тестов Тестероид Тестович,test15,Организация 5
Тестов Тестеропул Тестович,test16,Организация 6
Тестов Тест Тестович,test17,Организация 7
Тестов Тестер Тестович,test18,Организация 8
Тестов Тестероид Тестович,test19,Организация 9
Тестов Тестеропул Тестович,test20,Организация 10
Тестов Тест Тестович,test21,Организация 1
Тестов Тестер Тестович,test22,Организация 2
Тестов Тестероид Тестович,test23,Организация 3
Тестов Тестеропул Тестович,test24,Организация 4
Тестов Тест Тестович,test25,Организация 5
Тестов Тестер Тестович,test26,Организация 6
Тестов Тестероид Тестович,test27,Организация 7
Тестов Тестеропул Тестович,test28,Организация 8
Тестов Тест Тестович,test29,Организация 9
Тестов Тестер Тестович,test30,Организация 10
Тестов Тестероид Тестович,test31,Организация 1
Тестов Тестеропул Тестович,test32,Организация 2
Тестов Тест Тестович,test33,Организация 3
Тестов Тестер Тестович,test34,Организация 4
Тестов Тестероид Тестович,test35,Организация 5
Тестов Тестеропул Тестович,test36,Организация 6
Тестов Тест Тестович,test37,Организация 7
Тестов Тестер Тестович,test38,Организация 8
Тестов Тестероид Тестович,test39,Организация 9
Тестов Тестеропул Тестович,test40,Организация 10
Тестов Тест Тестович,test41,Организация 1
Тестов Тестер Тестович,test42,Организация 2
Тестов Тестероид Тестович,test43,Организация 3
Тестов Тестеропул Тестович,test44,Организация 4
Тестов Тест Тестович,test45,Организация 5
Тестов Тестер Тестович,test46,Организация 6
Тестов Тестероид Тестович,test47,Организация 7
Тестов Тестеропул Тестович,test48,Организация 8
Тестов Тест Тестович,test49,Организация 9
Тестов Тестер Тестович,test50,Организация 10
Тестов Тестероид Тестович,test51,Организация 1
Тестов Тестеропул Тестович,test52,Организация 2
Тестов Тест Тестович,test53,Организация 3
Тестов Тестер Тестович,test54,Организация 4
Тестов Тестероид Тестович,test55,Организация 5
Тестов Тестеропул Тестович,test56,Организация 6
Тестов Тест Тестович,test57,Организация 7
Тестов Тестер Тестович,test58,Организация 8
Тестов Тестероид Тестович,test59,Организация 9
Тестов Тестеропул Тестович,test60,Организация 10
Тестов Тест Тестович,test61,Организация 1
Тестов Тестер Тестович,test62,Организация 2
Тестов Тестероид Тестович,test63,Организация 3
Тестов Тестеропул Тестович,test64,Организация 4
Тестов Тест Тестович,test65,Организация 5
Тестов Тестер Тестович,test66,Организация 6
Тестов Тестероид Тестович,test67,Организация 7
Тестов Тестеропул Тестович,test68,Организация 8
Тестов Тест Тестович,test69,Организация 9
Тестов Тестер Тестович,test70,Организация 10
Тестов Тестероид Тестович,test71,Организация 1
Тестов Тестеропул Тестович,test72,Организация 2
Тестов Тест Тестович,test73,Организация 3
Тестов Тестер Тестович,test74,Организация 4
Тестов Тестероид Тестович,test75,Организация 5
Тестов Тестеропул Тестович,test76,Организация 6
Тестов Тест Тестович,test77,Организация 7
Тестов Тестер Тестович,test78,Организация 8
Тестов Тестероид Тестович,test79,Организация 9
Тестов Тестеропул Тестович,test80,Организация 10
Тестов Тест Тестович,test81,Организация 1
Тестов Тестер Тестович,test82,Организация 2
Тестов Тестероид Тестович,test83,Организация 3
Тестов Тестеропул Тестович,test84,Организация 4
Тестов Тест Тестович,test85,Организация 5
Тестов Тестер Тестович,test86,Организация 6
Тестов Тестероид Тестович,test87,Организация 7
Тестов Тестеропул Тестович,test88,Организация 8
Тестов Тест Тестович,test89,Организация 9
Тестов Тестер Тестович,test90,Организация 10
Тестов Тестероид Тестович,test91,Организация 1
Тестов Тестеропул Тестович,test92,Организация 2
Тестов Тест Тестович,test93,Организация 3
Тестов Тестер Тестович,test94,Организация 4
Тестов Тестероид Тестович,test95,Организация 5
Тестов Тестеропул Тестович,test96,Организация 6
Тестов Тест Тестович,test97,Организация 7
Тестов Тестер Тестович,test98,Организация 8
Тестов Тестероид Тестович,test99,Организация 9
Тестов Тестеропул Тестович,test100,Организация 10
Тестов Тест Тестович,test101,Организация 1
Тестов Тестер Тестович,test102,Организация 2
Тестов Тестероид Тестович,test103,Организация 3
Тестов Тестеропул Тестович,test104,Организация 4
Тестов Тест Тестович,test105,Организация 5
Тестов Тестер Тестович,test106,Организация 6
Тестов Тестероид Тестович,test107,Организация 7
Тестов Тестеропул Тестович,test108,Организация 8
Тестов Тест Тестович,test109,Организация 9
Тестов Тестер Тестович,test110,Организация 10
Тестов Тестероид Тестович,test111,Организация 1
Тестов Тестеропул Тестович,test112,Организация 2
Тестов Тест Тестович,test113,Организация 3
Тестов Тестер Тестович,test114,Организация 4
Тестов Тестероид Тестович,test115,Организация 5
Тестов Тестеропул Тестович,test116,Организация 6
Тестов Тест Тестович,test117,Организация 7
Тестов Тестер Тестович,test118,Организация 8
Тестов Тестероид Тестович,test119,Организация 9
Тестов Тестеропул Тестович,test120,Организация 10
Тестов Тест Тестович,test121,Организация 1
Тестов Тестер Тестович,test122,Организация 2
Тестов Тестероид Тестович,test123,Организация 3
Тестов Тестеропул Тестович,test124,Организация 4
Тестов Тест Тестович,test125,Организация 5
Тестов Тестер Тестович,test126,Организация 6
Тестов Тестероид Тестович,test127,Организация 7
Тестов Тестеропул Тестович,test128,Организация 8
Тестов Тест Тестович,test129,Организация 9
Тестов Тестер Тестович,test130,Организация 10
Тестов Тестероид Тестович,test131,Организация 1
Тестов Тестеропул Тестович,test132,Организация 2
Тестов Тест Тестович,test133,Организация 3
Тестов Тестер Тестович,test134,Организация 4
Тестов Тестероид Тестович,test135,Организация 5
Тестов Тестеропул Тестович,test136,Организация 6
Тестов Тест Тестович,test137,Организация 7
Тестов Тестер Тестович,test138,Организация 8
Тестов Тестероид Тестович,test139,Организация 9
Тестов Тестеропул Тестович,test140,Организация 10
Тестов Тест Тестович,test141,Организация 1
Тестов Тестер Тестович,test142,Организация 2
Тестов Тестероид Тестович,test143,Организация 3
Тестов Тестеропул Тестович,test144,Организация 4
Тестов Тест Тестович,test145,Организация 5
Тестов Тестер Тестович,test146,Организация 6
Тестов Тестероид Тестович,test147,Организация 7
Тестов Тестеропул Тестович,test148,Организация 8
Тестов Тест Тестович,test149,Организация 9
Тестов Тестер Тестович,test150,Организация 10
Тестов Тестероид Тестович,test151,Организация 1
Тестов Тестеропул Тестович,test152,Организация 2
Тестов Тест Тестович,test153,Организация 3
Тестов Тестер Тестович,test154,Организация 4
Тестов Тестероид Тестович,test155,Организация 5
Тестов Тестеропул Тестович,test156,Организация 6
Тестов Тест Тестович,test157,Организация 7
Тестов Тестер Тестович,test158,Организация 8
Тестов Тестероид Тестович,test159,Организация 9
Тестов Тестеропул Тестович,test160,Организация 10
Тестов Тест Тестович,test161,Организация 1
Тестов Тестер Тестович,test162,Организация 2
Тестов Тестероид Тестович,test163,Организация 3
Тестов Тестеропул Тестович,test164,Организация 4
Тестов Тест Тестович,test165,Организация 5
Тестов Тестер Тестович,test166,Организация 6
Тестов Тестероид Тестович,test167,Организация 7
Тестов Тестеропул Тестович,test168,Организация 8
Тестов Тест Тестович,test169,Организация 9
Тестов Тестер Тестович,test170,Организация 10
Тестов Тестероид Тестович,test171,Организация 1
Тестов Тестеропул Тестович,test172,Организация 2
Тестов Тест Тестович,test173,Организация 3
Тестов Тестер Тестович,test174,Организация 4
Тестов Тестероид Тестович,test175,Организация 5
Тестов Тестеропул Тестович,test176,Организация 6
Тестов Тест Тестович,test177,Организация 7
Тестов Тестер Тестович,test178,Организация 8
Тестов Тестероид Тестович,test179,Организация 9
Тестов Тестеропул Тестович,test180,Организация 10
Тестов Тест Тестович,test181,Организация 1
Тестов Тестер Тестович,test182,Организация 2
Тестов Тестероид Тестович,test183,Организация 3
Тестов Тестеропул Тестович,test184,Организация 4
Тестов Тест Тестович,test185,Организация 5
Тестов Тестер Тестович,test186,Организация 6
Тестов Тестероид Тестович,test187,Организация 7
Тестов Тестеропул Тестович,test188,Организация 8
Тестов Тест Тестович,test189,Организация 9
Тестов Тестер Тестович,test190,Организация 10
Тестов Тестероид Тестович,test191,Организация 1
Тестов Тестеропул Тестович,test192,Организация 2
Тестов Тест Тестович,test193,Организация 3
Тестов Тестер Тестович,test194,Организация 4
Тестов Тестероид Тестович,test195,Организация 5
Тестов Тестеропул Тестович,test196,Организация 6
Тестов Тест Тестович,test197,Организация 7
Тестов Тестер Тестович,test198,Организация 8
Тестов Тестероид Тестович,test199,Организация 9
Тестов Тестеропул Тестович,test200,Организация 10
Тестов Тест Тестович,test201,Организация 1
Тестов Тестер Тестович,test202,Организация 2
Тестов Тестероид Тестович,test203,Организация 3
Тестов Тестеропул Тестович,test204,Организация 4
Тестов Тест Тестович,test205,Организация 5
Тестов Тестер Тестович,test206,Организация 6
Тестов Тестероид Тестович,test207,Организация 7
Тестов Тестеропул Тестович,test208,Организация 8
Тестов Тест Тестович,test209,Организация 9
Тестов Тестер Тестович,test210,Организация 10
Тестов Тестероид Тестович,test211,Организация 1
Тестов Тестеропул Тестович,test212,Организация 2
Тестов Тест Тестович,test213,Организация 3
Тестов Тестер Тестович,test214,Организация 4
Тестов Тестероид Тестович,test215,Организация 5
Тестов Тестеропул Тестович,test216,Организация 6
Тестов Тест Тестович,test217,Организация 7
Тестов Тестер Тестович,test218,Организация 8
Тестов Тестероид Тестович,test219,Организация 9
Тестов Тестеропул Тестович,test220,Организация 10
Тестов Тест Тестович,test221,Организация 1
Тестов Тестер Тестович,test222,Организация 2
Тестов Тестероид Тестович,test223,Организация 3
Тестов Тестеропул Тестович,test224,Организация 4
Тестов Тест Тестович,test225,Организация 5
Тестов Тестер Тестович,test226,Организация 6
Тестов Тестероид Тестович,test227,Организация 7
Тестов Тестеропул Тестович,test228,Организация 8
Тестов Тест Тестович,test229,Организация 9
Тестов Тестер Тестович,test230,Организация 10
Тестов Тестероид Тестович,test231,Организация 1
Тестов Тестеропул Тестович,test232,Организация 2
Тестов Тест Тестович,test233,Организация 3
Тестов Тестер Тестович,test234,Организация 4
Тестов Тестероид Тестович,test235,Организация 5
Тестов Тестеропул Тестович,test236,Организация 6
Тестов Тест Тестович,test237,Организация 7
Тестов Тестер Тестович,test238,Организация 8
Тестов Тестероид Тестович,test239,Организация 9
Тестов Тестеропул Тестович,test240,Организация 10
Тестов Тест Тестович,test241,Организация 1
Тестов Тестер Тестович,test242,Организация 2
Тестов Тестероид Тестович,test243,Организация 3
Тестов Тестеропул Тестович,test244,Организация 4
Тестов Тест Тестович,test245,Организация 5
Тестов Тестер Тестович,test246,Организация 6
Тестов Тестероид Тестович,test247,Организация 7
Тестов Тестеропул Тестович,test248,Организация 8
Тестов Тест Тестович,test249,Организация 9
Тестов Тестер Тестович,test250,Организация 10
Тестов Тестероид Тестович,test251,Организация 1
Тестов Тестеропул Тестович,test252,Организация 2
Тестов Тест Тестович,test253,Организация 3
Тестов Тестер Тестович,test254,Организация 4
Тестов Тестероид Тестович,test255,Организация 5
Тестов Тестеропул Тестович,test256,Организация 6
Тестов Тест Тестович,test257,Организация 7
Тестов Тестер Тестович,test258,Организация 8
Тестов Тестероид Тестович,test259,Организация 9
Тестов Тестеропул Тестович,test260,Организация 10
Тестов Тест Тестович,test261,Организация 1
Тестов Тестер Тестович,test262,Организация 2
Тестов Тестероид Тестович,test263,Организация 3
Тестов Тестеропул Тестович,test264,Организация 4
Тестов Тест Тестович,test265,Организация 5
Тестов Тестер Тестович,test266,Организация 6
Тестов Тестероид Тестович,test267,Организация 7
Тестов Тестеропул Тестович,test268,Организация 8
Тестов Тест Тестович,test269,Организация 9
Тестов Тестер Тестович,test270,Организация 10
Тестов Тестероид Тестович,test271,Организация 1
Тестов Тестеропул Тестович,test272,Организация 2
Тестов Тест Тестович,test273,Организация 3
Тестов Тестер Тестович,test274,Организация 4
Тестов Тестероид Тестович,test275,Организация 5
Тестов Тестеропул Тестович,test276,Организация 6
Тестов Тест Тестович,test277,Организация 7
Тестов Тестер Тестович,test278,Организация 8
Тестов Тестероид Тестович,test279,Организация 9
Тестов Тестеропул Тестович,test280,Организация 10
Тестов Тест Тестович,test281,Организация 1
Тестов Тестер Тестович,test282,Организация 2
Тестов Тестероид Тестович,test283,Организация 3
Тестов Тестеропул Тестович,test284,Организация 4
Тестов Тест Тестович,test285,Организация 5
Тестов Тестер Тестович,test286,Организация 6
Тестов Тестероид Тестович,test287,Организация 7
Тестов Тестеропул Тестович,test288,Организация 8
Тестов Тест Тестович,test289,Организация 9
Тестов Тестер Тестович,test290,Организация 10
Тестов Тестероид Тестович,test291,Организация 1
Тестов Тестеропул Тестович,test292,Организация 2
Тестов Тест Тестович,test293,Организация 3
Тестов Тестер Тестович,test294,Организация 4
Тестов Тестероид Тестович,test295,Организация 5
Тестов Тестеропул Тестович,test296,Организация 6
Тестов Тест Тестович,test297,Организация 7
Тестов Тестер Тестович,test298,Организация 8
Тестов Тестероид Тестович,test299,Организация 9
Тестов Тестеропул Тестович,test300,Организация 10
Тестов Тест Тестович,test301,Организация 1
Тестов Тестер Тестович,test302,Организация 2
Тестов Тестероид Тестович,test303,Организация 3
Тестов Тестеропул Тестович,test304,Организация 4
Тестов Тест Тестович,test305,Организация 5
Тестов Тестер Тестович,test306,Организация 6
Тестов Тестероид Тестович,test307,Организация 7
Тестов Тестеропул Тестович,test308,Организация 8
Тестов Тест Тестович,test309,Организация 9
Тестов Тестер Тестович,test310,Организация 10
Тестов Тестероид Тестович,test311,Организация 1
Тестов Тестеропул Тестович,test312,Организация 2
Тестов Тест Тестович,test313,Организация 3
Тестов Тестер Тестович,test314,Организация 4
Тестов Тестероид Тестович,test315,Организация 5
Тестов Тестеропул Тестович,test316,Организация 6
Тестов Тест Тестович,test317,Организация 7
Тестов Тестер Тестович,test318,Организация 8
Тестов Тестероид Тестович,test319,Организация 9
Тестов Тестеропул Тестович,test320,Организация 10
Тестов Тест Тестович,test321,Организация 1
Тестов Тестер Тестович,test322,Организация 2
Тестов Тестероид Тестович,test323,Организация 3
Тестов Тестеропул Тестович,test324,Организация 4
Тестов Тест Тестович,test325,Организация 5
Тестов Тестер Тестович,test326,Организация 6
Тестов Тестероид Тестович,test327,Организация 7
Тестов Тестеропул Тестович,test328,Организация 8
Тестов Тест Тестович,test329,Организация 9
Тестов Тестер Тестович,test330,Организация 10
Тестов Тестероид Тестович,test331,Организация 1
Тестов Тестеропул Тестович,test332,Организация 2
Тестов Тест Тестович,test333,Организация 3
Тестов Тестер Тестович,test334,Организация 4
Тестов Тестероид Тестович,test335,Организация 5
Тестов Тестеропул Тестович,test336,Организация 6
Тестов Тест Тестович,test337,Организация 7
Тестов Тестер Тестович,test338,Организация 8
Тестов Тестероид Тестович,test339,Организация 9
Тестов Тестеропул Тестович,test340,Организация 10
Тестов Тест Тестович,test341,Организация 1
Тестов Тестер Тестович,test342,Организация 2
Тестов Тестероид Тестович,test343,Организация 3
Тестов Тестеропул Тестович,test344,Организация 4
Тестов Тест Тестович,test345,Организация 5
Тестов Тестер Тестович,test346,Организация 6
Тестов Тестероид Тестович,test347,Организация 7
Тестов Тестеропул Тестович,test348,Организация 8
Тестов Тест Тестович,test349,Организация 9
Тестов Тестер Тестович,test350,Организация 10
Тестов Тестероид Тестович,test351,Организация 1
Тестов Тестеропул Тестович,test352,Организация 2
Тестов Тест Тестович,test353,Организация 3
Тестов Тестер Тестович,test354,Организация 4
Тестов Тестероид Тестович,test355,Организация 5
Тестов Тестеропул Тестович,test356,Организация 6
Тестов Тест Тестович,test357,Организация 7
Тестов Тестер Тестович,test358,Организация 8
Тестов Тестероид Тестович,test359,Организация 9
Тестов Тестеропул Тестович,test360,Организация 10
Тестов Тест Тестович,test361,Организация 1
Тестов Тестер Тестович,test362,Организация 2
Тестов Тестероид Тестович,test363,Организация 3
Тестов Тестеропул Тестович,test364,Организация 4
Тестов Тест Тестович,test365,Организация 5
Тестов Тестер Тестович,test366,Организация 6
Тестов Тестероид Тестович,test367,Организация 7
Тестов Тестеропул Тестович,test368,Организация 8
Тестов Тест Тестович,test369,Организация 9
Тестов Тестер Тестович,test370,Организация 10
Тестов Тестероид Тестович,test371,Организация 1
Тестов Тестеропул Тестович,test372,Организация 2
Тестов Тест Тестович,test373,Организация 3
Тестов Тестер Тестович,test374,Организация 4
Тестов Тестероид Тестович,test375,Организация 5
Тестов Тестеропул Тестович,test376,Организация 6
Тестов Тест Тестович,test377,Организация 7
Тестов Тестер Тестович,test378,Организация 8
Тестов Тестероид Тестович,test379,Организация 9
Тестов Тестеропул Тестович,test380,Организация 10
Тестов Тест Тестович,test381,Организация 1
Тестов Тестер Тестович,test382,Организация 2
Тестов Тестероид Тестович,test383,Организация 3
Тестов Тестеропул Тестович,test384,Организация 4
Тестов Тест Тестович,test385,Организация 5
Тестов Тестер Тестович,test386,Организация 6
Тестов Тестероид Тестович,test387,Организация 7
Тестов Тестеропул Тестович,test388,Организация 8
Тестов Тест Тестович,test389,Организация 9
Тестов Тестер Тестович,test390,Организация 10
Тестов Тестероид Тестович,test391,Организация 1
Тестов Тестеропул Тестович,test392,Организация 2
Тестов Тест Тестович,test393,Организация 3
Тестов Тестер Тестович,test394,Организация 4
Тестов Тестероид Тестович,test395,Организация 5
Тестов Тестеропул Тестович,test396,Организация 6
Тестов Тест Тестович,test397,Организация 7
Тестов Тестер Тестович,test398,Организация 8
Тестов Тестероид Тестович,test399,Организация 9
Тестов Тестеропул Тестович,test400,Организация 10
Тестов Тест Тестович,test401,Организация 1
Тестов Тестер Тестович,test402,Организация 2
Тестов Тестероид Тестович,test403,Организация 3
Тестов Тестеропул Тестович,test404,Организация 4
Тестов Тест Тестович,test405,Организация 5
Тестов Тестер Тестович,test406,Организация 6
Тестов Тестероид Тестович,test407,Организация 7
Тестов Тестеропул Тестович,test408,Организация 8
Тестов Тест Тестович,test409,Организация 9
Тестов Тестер Тестович,test410,Организация 10
Тестов Тестероид Тестович,test411,Организация 1
Тестов Тестеропул Тестович,test412,Организация 2
Тестов Тест Тестович,test413,Организация 3
Тестов Тестер Тестович,test414,Организация 4
Тестов Тестероид Тестович,test415,Организация 5
Тестов Тестеропул Тестович,test416,Организация 6
Тестов Тест Тестович,test417,Организация 7
Тестов Тестер Тестович,test418,Организация 8
Тестов Тестероид Тестович,test419,Организация 9
Тестов Тестеропул Тестович,test420,Организация 10
Тестов Тест Тестович,test421,Организация 1
Тестов Тестер Тестович,test422,Организация 2
Тестов Тестероид Тестович,test423,Организация 3
Тестов Тестеропул Тестович,test424,Организация 4
Тестов Тест Тестович,test425,Организация 5
Тестов Тестер Тестович,test426,Организация 6
Тестов Тестероид Тестович,test427,Организация 7
Тестов Тестеропул Тестович,test428,Организация 8
Тестов Тест Тестович,test429,Организация 9
Тестов Тестер Тестович,test430,Организация 10
Тестов Тестероид Тестович,test431,Организация 1
Тестов Тестеропул Тестович,test432,Организация 2
Тестов Тест Тестович,test433,Организация 3
Тестов Тестер Тестович,test434,Организация 4
Тестов Тестероид Тестович,test435,Организация 5
Тестов Тестеропул Тестович,test436,Организация 6
Тестов Тест Тестович,test437,Организация 7
Тестов Тестер Тестович,test438,Организация 8
Тестов Тестероид Тестович,test439,Организация 9
Тестов Тестеропул Тестович,test440,Организация 10
Тестов Тест Тестович,test441,Организация 1
Тестов Тестер Тестович,test442,Организация 2
Тестов Тестероид Тестович,test443,Организация 3
Тестов Тестеропул Тестович,test444,Организация 4
Тестов Тест Тестович,test445,Организация 5
Тестов Тестер Тестович,test446,Организация 6
Тестов Тестероид Тестович,test447,Организация 7
Тестов Тестеропул Тестович,test448,Организация 8
Тестов Тест Тестович,test449,Организация 9
Тестов Тестер Тестович,test450,Организация 10
Тестов Тестероид Тестович,test451,Организация 1
Тестов Тестеропул Тестович,test452,Организация 2
Тестов Тест Тестович,test453,Организация 3
Тестов Тестер Тестович,test454,Организация 4
Тестов Тестероид Тестович,test455,Организация 5
Тестов Тестеропул Тестович,test456,Организация 6
Тестов Тест Тестович,test457,Организация 7
Тестов Тестер Тестович,test458,Организация 8
Тестов Тестероид Тестович,test459,Организация 9
Тестов Тестеропул Тестович,test460,Организация 10
Тестов Тест Тестович,test461,Организация 1
Тестов Тестер Тестович,test462,Организация 2
Тестов Тестероид Тестович,test463,Организация 3
Тестов Тестеропул Тестович,test464,Организация 4
Тестов Тест Тестович,test465,Организация 5
Тестов Тестер Тестович,test466,Организация 6
Тестов Тестероид Тестович,test467,Организация 7
Тестов Тестеропул Тестович,test468,Организация 8
Тестов Тест Тестович,test469,Организация 9
Тестов Тестер Тестович,test470,Организация 10
Тестов Тестероид Тестович,test471,Организация 1
Тестов Тестеропул Тестович,test472,Организация 2
Тестов Тест Тестович,test473,Организация 3
Тестов Тестер Тестович,test474,Организация 4
Тестов Тестероид Тестович,test475,Организация 5
Тестов Тестеропул Тестович,test476,Организация 6
Тестов Тест Тестович,test477,Организация 7
Тестов Тестер Тестович,test478,Организация 8
Тестов Тестероид Тестович,test479,Организация 9
Тестов Тестеропул Тестович,test480,Организация 10
Тестов Тест Тестович,test481,Организация 1
Тестов Тестер Тестович,test482,Организация 2
Тестов Тестероид Тестович,test483,Организация 3
Тестов Тестеропул Тестович,test484,Организация 4
Тестов Тест Тестович,test485,Организация 5
Тестов Тестер Тестович,test486,Организация 6
Тестов Тестероид Тестович,test487,Организация 7
Тестов Тестеропул Тестович,test488,Организация 8
Тестов Тест Тестович,test489,Организация 9
Тестов Тестер Тестович,test490,Организация 10
Тестов Тестероид Тестович,test491,Организация 1
Тестов Тестеропул Тестович,test492,Организация 2
Тестов Тест Тестович,test493,Организация 3
Тестов Тестер Тестович,test494,Организация 4
Тестов Тестероид Тестович,test495,Организация 5
Тестов Тестеропул Тестович,test496,Организация 6
Тестов Тест Тестович,test497,Организация 7
Тестов Тестер Тестович,test498,Организация 8
Тестов Тестероид Тестович,test499,Организация 9
Тестов Тестеропул Тестович,test500,Организация 10
Тестов Тест Тестович,test501,Организация 1
Тестов Тестер Тестович,test502,Организация 2
Тестов Тестероид Тестович,test503,Организация 3
Тестов Тестеропул Тестович,test504,Организация 4
Тестов Тест Тестович,test505,Организация 5
Тестов Тестер Тестович,test506,Организация 6
Тестов Тестероид Тестович,test507,Организация 7
Тестов Тестеропул Тестович,test508,Организация 8
Тестов Тест Тестович,test509,Организация 9
Тестов Тестер Тестович,test510,Организация 10
Тестов Тестероид Тестович,test511,Организация 1
Тестов Тестеропул Тестович,test512,Организация 2
Тестов Тест Тестович,test513,Организация 3
Тестов Тестер Тестович,test514,Организация 4
Тестов Тестероид Тестович,test515,Организация 5
Тестов Тестеропул Тестович,test516,Организация 6
Тестов Тест Тестович,test517,Организация 7
Тестов Тестер Тестович,test518,Организация 8
Тестов Тестероид Тестович,test519,Организация 9
Тестов Тестеропул Тестович,test520,Организация 10
Тестов Тест Тестович,test521,Организация 1
Тестов Тестер Тестович,test522,Организация 2
Тестов Тестероид Тестович,test523,Организация 3
Тестов Тестеропул Тестович,test524,Организация 4
Тестов Тест Тестович,test525,Организация 5
Тестов Тестер Тестович,test526,Организация 6
Тестов Тестероид Тестович,test527,Организация 7
Тестов Тестеропул Тестович,test528,Организация 8
Тестов Тест Тестович,test529,Организация 9
Тестов Тестер Тестович,test530,Организация 10
Тестов Тестероид Тестович,test531,Организация 1
Тестов Тестеропул Тестович,test532,Организация 2
Тестов Тест Тестович,test533,Организация 3
Тестов Тестер Тестович,test534,Организация 4
Тестов Тестероид Тестович,test535,Организация 5
Тестов Тестеропул Тестович,test536,Организация 6
Тестов Тест Тестович,test537,Организация 7
Тестов Тестер Тестович,test538,Организация 8
Тестов Тестероид Тестович,test539,Организация 9
Тестов Тестеропул Тестович,test540,Организация 10
Тестов Тест Тестович,test541,Организация 1
Тестов Тестер Тестович,test542,Организация 2
Тестов Тестероид Тестович,test543,Организация 3
Тестов Тестеропул Тестович,test544,Организация 4
Тестов Тест Тестович,test545,Организация 5
Тестов Тестер Тестович,test546,Организация 6
Тестов Тестероид Тестович,test547,Организация 7
Тестов Тестеропул Тестович,test548,Организация 8
Тестов Тест Тестович,test549,Организация 9
Тестов Тестер Тестович,test550,Организация 10
Тестов Тестероид Тестович,test551,Организация 1
Тестов Тестеропул Тестович,test552,Организация 2
Тестов Тест Тестович,test553,Организация 3
Тестов Тестер Тестович,test554,Организация 4
Тестов Тестероид Тестович,test555,Организация 5
Тестов Тестеропул Тестович,test556,Организация 6
Тестов Тест Тестович,test557,Организация 7
Тестов Тестер Тестович,test558,Организация 8
Тестов Тестероид Тестович,test559,Организация 9
Тестов Тестеропул Тестович,test560,Организация 10
Тестов Тест Тестович,test561,Организация 1
Тестов Тестер Тестович,test562,Организация 2
Тестов Тестероид Тестович,test563,Организация 3
Тестов Тестеропул Тестович,test564,Организация 4
Тестов Тест Тестович,test565,Организация 5
Тестов Тестер Тестович,test566,Организация 6
Тестов Тестероид Тестович,test567,Организация 7
Тестов Тестеропул Тестович,test568,Организация 8
Тестов Тест Тестович,test569,Организация 9
Тестов Тестер Тестович,test570,Организация 10
Тестов Тестероид Тестович,test571,Организация 1
Тестов Тестеропул Тестович,test572,Организация 2
Тестов Тест Тестович,test573,Организация 3
Тестов Тестер Тестович,test574,Организация 4
Тестов Тестероид Тестович,test575,Организация 5
Тестов Тестеропул Тестович,test576,Организация 6
Тестов Тест Тестович,test577,Организация 7
Тестов Тестер Тестович,test578,Организация 8
Тестов Тестероид Тестович,test579,Организация 9
Тестов Тестеропул Тестович,test580,Организация 10
Тестов Тест Тестович,test581,Организация 1
Тестов Тестер Тестович,test582,Организация 2
Тестов Тестероид Тестович,test583,Организация 3
Тестов Тестеропул Тестович,test584,Организация 4
Тестов Тест Тестович,test585,Организация 5
Тестов Тестер Тестович,test586,Организация 6
Тестов Тестероид Тестович,test587,Организация 7
Тестов Тестеропул Тестович,test588,Организация 8
Тестов Тест Тестович,test589,Организация 9
Тестов Тестер Тестович,test590,Организация 10
Тестов Тестероид Тестович,test591,Организация 1
Тестов Тестеропул Тестович,test592,Организация 2
Тестов Тест Тестович,test593,Организация 3
Тестов Тестер Тестович,test594,Организация 4
Тестов Тестероид Тестович,test595,Организация 5
Тестов Тестеропул Тестович,test596,Организация 6
Тестов Тест Тестович,test597,Организация 7
Тестов Тестер Тестович,test598,Организация 8
Тестов Тестероид Тестович,test599,Организация 9
Тестов Тестеропул Тестович,test600,Организация 10
Тестов Тест Тестович,test601,Организация 1
Тестов Тестер Тестович,test602,Организация 2
Тестов Тестероид Тестович,test603,Организация 3
Тестов Тестеропул Тестович,test604,Организация 4
Тестов Тест Тестович,test605,Организация 5
Тестов Тестер Тестович,test606,Организация 6
Тестов Тестероид Тестович,test607,Организация 7
Тестов Тестеропул Тестович,test608,Организация 8
Тестов Тест Тестович,test609,Организация 9
Тестов Тестер Тестович,test610,Организация 10
Тестов Тестероид Тестович,test611,Организация 1
Тестов Тестеропул Тестович,test612,Организация 2
Тестов Тест Тестович,test613,Организация 3
Тестов Тестер Тестович,test614,Организация 4
Тестов Тестероид Тестович,test615,Организация 5
Тестов Тестеропул Тестович,test616,Организация 6
Тестов Тест Тестович,test617,Организация 7
Тестов Тестер Тестович,test618,Организация 8
Тестов Тестероид Тестович,test619,Организация 9
Тестов Тестеропул Тестович,test620,Организация 10
Тестов Тест Тестович,test621,Организация 1
Тестов Тестер Тестович,test622,Организация 2
Тестов Тестероид Тестович,test623,Организация 3
Тестов Тестеропул Тестович,test624,Организация 4
Тестов Тест Тестович,test625,Организация 5
Тестов Тестер Тестович,test626,Организация 6
Тестов Тестероид Тестович,test627,Организация 7
Тестов Тестеропул Тестович,test628,Организация 8
Тестов Тест Тестович,test629,Организация 9
Тестов Тестер Тестович,test630,Организация 10
Тестов Тестероид Тестович,test631,Организация 1
Тестов Тестеропул Тестович,test632,Организация 2
Тестов Тест Тестович,test633,Организация 3
Тестов Тестер Тестович,test634,Организация 4
Тестов Тестероид Тестович,test635,Организация 5
Тестов Тестеропул Тестович,test636,Организация 6
Тестов Тест Тестович,test637,Организация 7
Тестов Тестер Тестович,test638,Организация 8
Тестов Тестероид Тестович,test639,Организация 9
Тестов Тестеропул Тестович,test640,Организация 10
Тестов Тест Тестович,test641,Организация 1
Тестов Тестер Тестович,test642,Организация 2
Тестов Тестероид Тестович,test643,Организация 3
Тестов Тестеропул Тестович,test644,Организация 4
Тестов Тест Тестович,test645,Организация 5
Тестов Тестер Тестович,test646,Организация 6
Тестов Тестероид Тестович,test647,Организация 7
Тестов Тестеропул Тестович,test648,Организация 8
Тестов Тест Тестович,test649,Организация 9
Тестов Тестер Тестович,test650,Организация 10
Тестов Тестероид Тестович,test651,Организация 1
Тестов Тестеропул Тестович,test652,Организация 2
Тестов Тест Тестович,test653,Организация 3
Тестов Тестер Тестович,test654,Организация 4
Тестов Тестероид Тестович,test655,Организация 5
Тестов Тестеропул Тестович,test656,Организация 6
Тестов Тест Тестович,test657,Организация 7
Тестов Тестер Тестович,test658,Организация 8
Тестов Тестероид Тестович,test659,Организация 9
Тестов Тестеропул Тестович,test660,Организация 10
Тестов Тест Тестович,test661,Организация 1
Тестов Тестер Тестович,test662,Организация 2
Тестов Тестероид Тестович,test663,Организация 3
Тестов Тестеропул Тестович,test664,Организация 4
Тестов Тест Тестович,test665,Организация 5
Тестов Тестер Тестович,test666,Организация 6
Тестов Тестероид Тестович,test667,Организация 7
Тестов Тестеропул Тестович,test668,Организация 8
Тестов Тест Тестович,test669,Организация 9
Тестов Тестер Тестович,test670,Организация 10
Тестов Тестероид Тестович,test671,Организация 1
Тестов Тестеропул Тестович,test672,Организация 2
Тестов Тест Тестович,test673,Организация 3
Тестов Тестер Тестович,test674,Организация 4
Тестов Тестероид Тестович,test675,Организация 5
Тестов Тестеропул Тестович,test676,Организация 6
Тестов Тест Тестович,test677,Организация 7
Тестов Тестер Тестович,test678,Организация 8
Тестов Тестероид Тестович,test679,Организация 9
Тестов Тестеропул Тестович,test680,Организация 10
Тестов Тест Тестович,test681,Организация 1
Тестов Тестер Тестович,test682,Организация 2
Тестов Тестероид Тестович,test683,Организация 3
Тестов Тестеропул Тестович,test684,Организация 4
Тестов Тест Тестович,test685,Организация 5
Тестов Тестер Тестович,test686,Организация 6
Тестов Тестероид Тестович,test687,Организация 7
Тестов Тестеропул Тестович,test688,Организация 8
Тестов Тест Тестович,test689,Организация 9
Тестов Тестер Тестович,test690,Организация 10
Тестов Тестероид Тестович,test691,Организация 1
Тестов Тестеропул Тестович,test692,Организация 2
Тестов Тест Тестович,test693,Организация 3
Тестов Тестер Тестович,test694,Организация 4
Тестов Тестероид Тестович,test695,Организация 5
Тестов Тестеропул Тестович,test696,Организация 6
Тестов Тест Тестович,test697,Организация 7
Тестов Тестер Тестович,test698,Организация 8
Тестов Тестероид Тестович,test699,Организация 9
Тестов Тестеропул Тестович,test700,Организация 10
Тестов Тест Тестович,test701,Организация 1
Тестов Тестер Тестович,test702,Организация 2
Тестов Тестероид Тестович,test703,Организация 3
Тестов Тестеропул Тестович,test704,Организация 4
Тестов Тест Тестович,test705,Организация 5
Тестов Тестер Тестович,test706,Организация 6
Тестов Тестероид Тестович,test707,Организация 7
Тестов Тестеропул Тестович,test708,Организация 8
Тестов Тест Тестович,test709,Организация 9
Тестов Тестер Тестович,test710,Организация 10
Тестов Тестероид Тестович,test711,Организация 1
Тестов Тестеропул Тестович,test712,Организация 2
Тестов Тест Тестович,test713,Организация 3
Тестов Тестер Тестович,test714,Организация 4
Тестов Тестероид Тестович,test715,Организация 5
Тестов Тестеропул Тестович,test716,Организация 6
Тестов Тест Тестович,test717,Организация 7
Тестов Тестер Тестович,test718,Организация 8
Тестов Тестероид Тестович,test719,Организация 9
Тестов Тестеропул Тестович,test720,Организация 10
Тестов Тест Тестович,test721,Организация 1
Тестов Тестер Тестович,test722,Организация 2
Тестов Тестероид Тестович,test723,Организация 3
Тестов Тестеропул Тестович,test724,Организация 4
Тестов Тест Тестович,test725,Организация 5
Тестов Тестер Тестович,test726,Организация 6
Тестов Тестероид Тестович,test727,Организация 7
Тестов Тестеропул Тестович,test728,Организация 8
Тестов Тест Тестович,test729,Организация 9
Тестов Тестер Тестович,test730,Организация 10
Тестов Тестероид Тестович,test731,Организация 1
Тестов Тестеропул Тестович,test732,Организация 2
Тестов Тест Тестович,test733,Организация 3
Тестов Тестер Тестович,test734,Организация 4
Тестов Тестероид Тестович,test735,Организация 5
Тестов Тестеропул Тестович,test736,Организация 6
Тестов Тест Тестович,test737,Организация 7
Тестов Тестер Тестович,test738,Организация 8
Тестов Тестероид Тестович,test739,Организация 9
Тестов Тестеропул Тестович,test740,Организация 10
Тестов Тест Тестович,test741,Организация 1
Тестов Тестер Тестович,test742,Организация 2
Тестов Тестероид Тестович,test743,Организация 3
Тестов Тестеропул Тестович,test744,Организация 4
Тестов Тест Тестович,test745,Организация 5
Тестов Тестер Тестович,test746,Организация 6
Тестов Тестероид Тестович,test747,Организация 7
Тестов Тестеропул Тестович,test748,Организация 8
Тестов Тест Тестович,test749,Организация 9
Тестов Тестер Тестович,test750,Организация 10
Тестов Тестероид Тестович,test751,Организация 1
Тестов Тестеропул Тестович,test752,Организация 2
Тестов Тест Тестович,test753,Организация 3
Тестов Тестер Тестович,test754,Организация 4
Тестов Тестероид Тестович,test755,Организация 5
Тестов Тестеропул Тестович,test756,Организация 6
Тестов Тест Тестович,test757,Организация 7
Тестов Тестер Тестович,test758,Организация 8
Тестов Тестероид Тестович,test759,Организация 9
Тестов Тестеропул Тестович,test760,Организация 10
Тестов Тест Тестович,test761,Организация 1
Тестов Тестер Тестович,test762,Организация 2
Тестов Тестероид Тестович,test763,Организация 3
Тестов Тестеропул Тестович,test764,Организация 4
Тестов Тест Тестович,test765,Организация 5
Тестов Тестер Тестович,test766,Организация 6
Тестов Тестероид Тестович,test767,Организация 7
Тестов Тестеропул Тестович,test768,Организация 8
Тестов Тест Тестович,test769,Организация 9
Тестов Тестер Тестович,test770,Организация 10
Тестов Тестероид Тестович,test771,Организация 1
Тестов Тестеропул Тестович,test772,Организация 2
Тестов Тест Тестович,test773,Организация 3
Тестов Тестер Тестович,test774,Организация 4
Тестов Тестероид Тестович,test775,Организация 5
Тестов Тестеропул Тестович,test776,Организация 6
Тестов Тест Тестович,test777,Организация 7
Тестов Тестер Тестович,test778,Организация 8
Тестов Тестероид Тестович,test779,Организация 9
Тестов Тестеропул Тестович,test780,Организация 10
Тестов Тест Тестович,test781,Организация 1
Тестов Тестер Тестович,test782,Организация 2
Тестов Тестероид Тестович,test783,Организация 3
Тестов Тестеропул Тестович,test784,Организация 4
Тестов Тест Тестович,test785,Организация 5
Тестов Тестер Тестович,test786,Организация 6
Тестов Тестероид Тестович,test787,Организация 7
Тестов Тестеропул Тестович,test788,Организация 8
Тестов Тест Тестович,test789,Организация 9
Тестов Тестер Тестович,test790,Организация 10
Тестов Тестероид Тестович,test791,Организация 1
Тестов Тестеропул Тестович,test792,Организация 2
Тестов Тест Тестович,test793,Организация 3
Тестов Тестер Тестович,test794,Организация 4
Тестов Тестероид Тестович,test795,Организация 5
Тестов Тестеропул Тестович,test796,Организация 6
Тестов Тест Тестович,test797,Организация 7
Тестов Тестер Тестович,test798,Организация 8
Тестов Тестероид Тестович,test799,Организация 9
Тестов Тестеропул Тестович,test800,Организация 10
Тестов Тест Тестович,test801,Организация 1
Тестов Тестер Тестович,test802,Организация 2
Тестов Тестероид Тестович,test803,Организация 3
Тестов Тестеропул Тестович,test804,Организация 4
Тестов Тест Тестович,test805,Организация 5
Тестов Тестер Тестович,test806,Организация 6
Тестов Тестероид Тестович,test807,Организация 7
Тестов Тестеропул Тестович,test808,Организация 8
Тестов Тест Тестович,test809,Организация 9
Тестов Тестер Тестович,test810,Организация 10
Тестов Тестероид Тестович,test811,Организация 1
Тестов Тестеропул Тестович,test812,Организация 2
Тестов Тест Тестович,test813,Организация 3
Тестов Тестер Тестович,test814,Организация 4
Тестов Тестероид Тестович,test815,Организация 5
Тестов Тестеропул Тестович,test816,Организация 6
Тестов Тест Тестович,test817,Организация 7
Тестов Тестер Тестович,test818,Организация 8
Тестов Тестероид Тестович,test819,Организация 9
Тестов Тестеропул Тестович,test820,Организация 10
Тестов Тест Тестович,test821,Организация 1
Тестов Тестер Тестович,test822,Организация 2
Тестов Тестероид Тестович,test823,Организация 3
Тестов Тестеропул Тестович,test824,Организация 4
Тестов Тест Тестович,test825,Организация 5
Тестов Тестер Тестович,test826,Организация 6
Тестов Тестероид Тестович,test827,Организация 7
Тестов Тестеропул Тестович,test828,Организация 8
Тестов Тест Тестович,test829,Организация 9
Тестов Тестер Тестович,test830,Организация 10
Тестов Тестероид Тестович,test831,Организация 1
Тестов Тестеропул Тестович,test832,Организация 2
Тестов Тест Тестович,test833,Организация 3
Тестов Тестер Тестович,test834,Организация 4
Тестов Тестероид Тестович,test835,Организация 5
Тестов Тестеропул Тестович,test836,Организация 6
Тестов Тест Тестович,test837,Организация 7
Тестов Тестер Тестович,test838,Организация 8
Тестов Тестероид Тестович,test839,Организация 9
Тестов Тестеропул Тестович,test840,Организация 10
Тестов Тест Тестович,test841,Организация 1
Тестов Тестер Тестович,test842,Организация 2
Тестов Тестероид Тестович,test843,Организация 3
Тестов Тестеропул Тестович,test844,Организация 4
Тестов Тест Тестович,test845,Организация 5
Тестов Тестер Тестович,test846,Организация 6
Тестов Тестероид Тестович,test847,Организация 7
Тестов Тестеропул Тестович,test848,Организация 8
Тестов Тест Тестович,test849,Организация 9
Тестов Тестер Тестович,test850,Организация 10
Тестов Тестероид Тестович,test851,Организация 1
Тестов Тестеропул Тестович,test852,Организация 2
Тестов Тест Тестович,test853,Организация 3
Тестов Тестер Тестович,test854,Организация 4
Тестов Тестероид Тестович,test855,Организация 5
Тестов Тестеропул Тестович,test856,Организация 6
Тестов Тест Тестович,test857,Организация 7
Тестов Тестер Тестович,test858,Организация 8
Тестов Тестероид Тестович,test859,Организация 9
Тестов Тестеропул Тестович,test860,Организация 10
Тестов Тест Тестович,test861,Организация 1
Тестов Тестер Тестович,test862,Организация 2
Тестов Тестероид Тестович,test863,Организация 3
Тестов Тестеропул Тестович,test864,Организация 4
Тестов Тест Тестович,test865,Организация 5
Тестов Тестер Тестович,test866,Организация 6
Тестов Тестероид Тестович,test867,Организация 7
Тестов Тестеропул Тестович,test868,Организация 8
Тестов Тест Тестович,test869,Организация 9
Тестов Тестер Тестович,test870,Организация 10
Тестов Тестероид Тестович,test871,Организация 1
Тестов Тестеропул Тестович,test872,Организация 2
Тестов Тест Тестович,test873,Организация 3
Тестов Тестер Тестович,test874,Организация 4
Тестов Тестероид Тестович,test875,Организация 5
Тестов Тестеропул Тестович,test876,Организация 6
Тестов Тест Тестович,test877,Организация 7
Тестов Тестер Тестович,test878,Организация 8
Тестов Тестероид Тестович,test879,Организация 9
Тестов Тестеропул Тестович,test880,Организация 10
Тестов Тест Тестович,test881,Организация 1
Тестов Тестер Тестович,test882,Организация 2
Тестов Тестероид Тестович,test883,Организация 3
Тестов Тестеропул Тестович,test884,Организация 4
Тестов Тест Тестович,test885,Организация 5
Тестов Тестер Тестович,test886,Организация 6
Тестов Тестероид Тестович,test887,Организация 7
Тестов Тестеропул Тестович,test888,Организация 8
Тестов Тест Тестович,test889,Организация 9
Тестов Тестер Тестович,test890,Организация 10
Тестов Тестероид Тестович,test891,Организация 1
Тестов Тестеропул Тестович,test892,Организация 2
Тестов Тест Тестович,test893,Организация 3
Тестов Тестер Тестович,test894,Организация 4
Тестов Тестероид Тестович,test895,Организация 5
Тестов Тестеропул Тестович,test896,Организация 6
Тестов Тест Тестович,test897,Организация 7
Тестов Тестер Тестович,test898,Организация 8
Тестов Тестероид Тестович,test899,Организация 9
Тестов Тестеропул Тестович,test900,Организация 10
Тестов Тест Тестович,test901,Организация 1
Тестов Тестер Тестович,test902,Организация 2
Тестов Тестероид Тестович,test903,Организация 3
Тестов Тестеропул Тестович,test904,Организация 4
Тестов Тест Тестович,test905,Организация 5
Тестов Тестер Тестович,test906,Организация 6
Тестов Тестероид Тестович,test907,Организация 7
Тестов Тестеропул Тестович,test908,Организация 8
Тестов Тест Тестович,test909,Организация 9
Тестов Тестер Тестович,test910,Организация 10
Тестов Тестероид Тестович,test911,Организация 1
Тестов Тестеропул Тестович,test912,Организация 2
Тестов Тест Тестович,test913,Организация 3
Тестов Тестер Тестович,test914,Организация 4
Тестов Тестероид Тестович,test915,Организация 5
Тестов Тестеропул Тестович,test916,Организация 6
Тестов Тест Тестович,test917,Организация 7
Тестов Тестер Тестович,test918,Организация 8
Тестов Тестероид Тестович,test919,Организация 9
Тестов Тестеропул Тестович,test920,Организация 10
Тестов Тест Тестович,test921,Организация 1
Тестов Тестер Тестович,test922,Организация 2
Тестов Тестероид Тестович,test923,Организация 3
Тестов Тестеропул Тестович,test924,Организация 4
Тестов Тест Тестович,test925,Организация 5
Тестов Тестер Тестович,test926,Организация 6
Тестов Тестероид Тестович,test927,Организация 7
Тестов Тестеропул Тестович,test928,Организация 8
Тестов Тест Тестович,test929,Организация 9
Тестов Тестер Тестович,test930,Организация 10
Тестов Тестероид Тестович,test931,Организация 1
Тестов Тестеропул Тестович,test932,Организация 2
Тестов Тест Тестович,test933,Организация 3
Тестов Тестер Тестович,test934,Организация 4
Тестов Тестероид Тестович,test935,Организация 5
Тестов Тестеропул Тестович,test936,Организация 6
Тестов Тест Тестович,test937,Организация 7
Тестов Тестер Тестович,test938,Организация 8
Тестов Тестероид Тестович,test939,Организация 9
Тестов Тестеропул Тестович,test940,Организация 10
Тестов Тест Тестович,test941,Организация 1
Тестов Тестер Тестович,test942,Организация 2
Тестов Тестероид Тестович,test943,Организация 3
Тестов Тестеропул Тестович,test944,Организация 4
Тестов Тест Тестович,test945,Организация 5
Тестов Тестер Тестович,test946,Организация 6
Тестов Тестероид Тестович,test947,Организация 7
Тестов Тестеропул Тестович,test948,Организация 8
Тестов Тест Тестович,test949,Организация 9
Тестов Тестер Тестович,test950,Организация 10
Тестов Тестероид Тестович,test951,Организация 1
Тестов Тестеропул Тестович,test952,Организация 2
Тестов Тест Тестович,test953,Организация 3
Тестов Тестер Тестович,test954,Организация 4
Тестов Тестероид Тестович,test955,Организация 5
Тестов Тестеропул Тестович,test956,Организация 6
Тестов Тест Тестович,test957,Организация 7
Тестов Тестер Тестович,test958,Организация 8
Тестов Тестероид Тестович,test959,Организация 9
Тестов Тестеропул Тестович,test960,Организация 10
Тестов Тест Тестович,test961,Организация 1
Тестов Тестер Тестович,test962,Организация 2
Тестов Тестероид Тестович,test963,Организация 3
Тестов Тестеропул Тестович,test964,Организация 4
Тестов Тест Тестович,test965,Организация 5
Тестов Тестер Тестович,test966,Организация 6
Тестов Тестероид Тестович,test967,Организация 7
Тестов Тестеропул Тестович,test968,Организация 8
Тестов Тест Тестович,test969,Организация 9
Тестов Тестер Тестович,test970,Организация 10
Тестов Тестероид Тестович,test971,Организация 1
Тестов Тестеропул Тестович,test972,Организация 2
Тестов Тест Тестович,test973,Организация 3
Тестов Тестер Тестович,test974,Организация 4
Тестов Тестероид Тестович,test975,Организация 5
Тестов Тестеропул Тестович,test976,Организация 6
Тестов Тест Тестович,test977,Организация 7
Тестов Тестер Тестович,test978,Организация 8
Тестов Тестероид Тестович,test979,Организация 9
Тестов Тестеропул Тестович,test980,Организация 10
Тестов Тест Тестович,test981,Организация 1
Тестов Тестер Тестович,test982,Организация 2
Тестов Тестероид Тестович,test983,Организация 3
Тестов Тестеропул Тестович,test984,Организация 4
Тестов Тест Тестович,test985,Организация 5
Тестов Тестер Тестович,test986,Организация 6
Тестов Тестероид Тестович,test987,Организация 7
Тестов Тестеропул Тестович,test988,Организация 8
Тестов Тест Тестович,test989,Организация 9
Тестов Тестер Тестович,test990,Организация 10
Тестов Тестероид Тестович,test991,Организация 1
Тестов Тестеропул Тестович,test992,Организация 2
Тестов Тест Тестович,test993,Организация 3
Тестов Тестер Тестович,test994,Организация 4
Тестов Тестероид Тестович,test995,Организация 5
Тестов Тестеропул Тестович,test996,Организация 6
Тестов Тест Тестович,test997,Организация 7